"References","Value","Footprint","Quantity","DNP","Manufacturer_Part","Tolerance","Assembly_Note"
"C1","22p","Capacitor_SMD:C_0603_1608Metric","1","","","C0G 5%","EMC filter, keep at socket"
"C2","22p","Capacitor_SMD:C_0603_1608Metric","1","","","C0G 5%","EMC filter, keep at socket"
"C3","22p","Capacitor_SMD:C_0603_1608Metric","1","","","C0G 5%","EMC filter, keep at socket"
"C4","100n","Capacitor_SMD:C_0603_1608Metric","1","","","","Potentiostat loop compensation, CE to CAP_POT"
"C5","100n","Capacitor_SMD:C_0603_1608Metric","1","","","","LPTIA RC filter between RCx_0 and RCx_1"
"C6","4u7","Capacitor_SMD:C_0603_1608Metric","1","","","","LPTIA output low-pass, X7R 10V"
"C7","100n","Capacitor_SMD:C_0603_1608Metric","1","","","","Required VZERO decoupling per ADuCM355 Rev C p26"
"C8","100n","Capacitor_SMD:C_0603_1608Metric","1","","","","VBIAS decoupling"
"C9","22p","Capacitor_SMD:C_0603_1608Metric","1","","","C0G 5%","EMC filter, keep at socket"
"C10","22p","Capacitor_SMD:C_0603_1608Metric","1","","","C0G 5%","EMC filter, keep at socket"
"C11","22p","Capacitor_SMD:C_0603_1608Metric","1","","","C0G 5%","EMC filter, keep at socket"
"C12","100n","Capacitor_SMD:C_0603_1608Metric","1","","","","Potentiostat loop compensation, CE to CAP_POT"
"C13","100n","Capacitor_SMD:C_0603_1608Metric","1","","","","LPTIA RC filter between RCx_0 and RCx_1"
"C14","4u7","Capacitor_SMD:C_0603_1608Metric","1","","","","LPTIA output low-pass, X7R 10V"
"C15","100n","Capacitor_SMD:C_0603_1608Metric","1","","","","Required VZERO decoupling per ADuCM355 Rev C p26"
"C16","100n","Capacitor_SMD:C_0603_1608Metric","1","","","","VBIAS decoupling"
"C17","22p","Capacitor_SMD:C_0603_1608Metric","1","","","C0G 5%","EMC filter, keep at socket"
"C18","22p","Capacitor_SMD:C_0603_1608Metric","1","","","C0G 5%","EMC filter, keep at socket"
"C19","22p","Capacitor_SMD:C_0603_1608Metric","1","","","C0G 5%","EMC filter, keep at socket"
"C20","100n","Capacitor_SMD:C_0603_1608Metric","1","","","","Potentiostat loop compensation, CE to CAP_POT"
"C21","100n","Capacitor_SMD:C_0603_1608Metric","1","","","","LPTIA RC filter between RCx_0 and RCx_1"
"C22","4u7","Capacitor_SMD:C_0603_1608Metric","1","","","","LPTIA output low-pass, X7R 10V"
"C23","100n","Capacitor_SMD:C_0603_1608Metric","1","","","","Required VZERO decoupling per ADuCM355 Rev C p26"
"C24","100n","Capacitor_SMD:C_0603_1608Metric","1","","","","VBIAS decoupling"
"C25","22p","Capacitor_SMD:C_0603_1608Metric","1","","","C0G 5%","EMC filter, keep at socket"
"C26","22p","Capacitor_SMD:C_0603_1608Metric","1","","","C0G 5%","EMC filter, keep at socket"
"C27","22p","Capacitor_SMD:C_0603_1608Metric","1","","","C0G 5%","EMC filter, keep at socket"
"C28","100n","Capacitor_SMD:C_0603_1608Metric","1","","","","Potentiostat loop compensation, CE to CAP_POT"
"C29","100n","Capacitor_SMD:C_0603_1608Metric","1","","","","LPTIA RC filter between RCx_0 and RCx_1"
"C30","4u7","Capacitor_SMD:C_0603_1608Metric","1","","","","LPTIA output low-pass, X7R 10V"
"C31","100n","Capacitor_SMD:C_0603_1608Metric","1","","","","Required VZERO decoupling per ADuCM355 Rev C p26"
"C32","100n","Capacitor_SMD:C_0603_1608Metric","1","","","","VBIAS decoupling"
"C33","10u","Capacitor_SMD:C_0603_1608Metric","1","","","",""
"C34","10u","Capacitor_SMD:C_0603_1608Metric","1","","","",""
"C35","1u","Capacitor_SMD:C_0603_1608Metric","1","","","",""
"C36","10u","Capacitor_SMD:C_0603_1608Metric","1","","","",""
"C37","100n","Capacitor_SMD:C_0603_1608Metric","1","","","",""
"C38","4u7","Capacitor_SMD:C_0603_1608Metric","1","","","",""
"C39","470n","Capacitor_SMD:C_0603_1608Metric","1","","","",""
"C40","470n","Capacitor_SMD:C_0603_1608Metric","1","","","",""
"C41","470n","Capacitor_SMD:C_0603_1608Metric","1","","","",""
"C42","470n","Capacitor_SMD:C_0603_1608Metric","1","","","",""
"C43","470n","Capacitor_SMD:C_0603_1608Metric","1","","","",""
"C44","470n","Capacitor_SMD:C_0603_1608Metric","1","","","",""
"C45","4u7","Capacitor_SMD:C_0603_1608Metric","1","","","",""
"C46","470n","Capacitor_SMD:C_0603_1608Metric","1","","","",""
"C47","470n","Capacitor_SMD:C_0603_1608Metric","1","","","",""
"C48","470n","Capacitor_SMD:C_0603_1608Metric","1","","","",""
"C49","470n","Capacitor_SMD:C_0603_1608Metric","1","","","",""
"C50","470n","Capacitor_SMD:C_0603_1608Metric","1","","","",""
"C51","470n","Capacitor_SMD:C_0603_1608Metric","1","","","",""
"C52","100n","Capacitor_SMD:C_0603_1608Metric","1","","","",""
"C53","100n","Capacitor_SMD:C_0603_1608Metric","1","","","",""
"C54","100n","Capacitor_SMD:C_0603_1608Metric","1","","","",""
"C55","100n","Capacitor_SMD:C_0603_1608Metric","1","","","",""
"C56","100n","Capacitor_SMD:C_0603_1608Metric","1","","","",""
"C57","100n","Capacitor_SMD:C_0603_1608Metric","1","","","","U1 AVDD local bypass"
"C58","100n","Capacitor_SMD:C_0603_1608Metric","1","","","","U1 AVDD_DD local bypass"
"C59","100n","Capacitor_SMD:C_0603_1608Metric","1","","","","U1 DVDD local bypass"
"C60","100n","Capacitor_SMD:C_0603_1608Metric","1","","","","U1 DVDD_AD local bypass"
"C61","100n","Capacitor_SMD:C_0603_1608Metric","1","","","","U2 AVDD local bypass"
"C62","100n","Capacitor_SMD:C_0603_1608Metric","1","","","","U2 AVDD_DD local bypass"
"C63","100n","Capacitor_SMD:C_0603_1608Metric","1","","","","U2 DVDD local bypass"
"C64","100n","Capacitor_SMD:C_0603_1608Metric","1","","","","U2 DVDD_AD local bypass"
"C65","100n","Capacitor_SMD:C_0603_1608Metric","1","","","","U5 local bypass"
"D1","PESD3V3L2BT","Package_TO_SOT_SMD:SOT-23","1","","","",""
"FB1","600R@100MHz","Inductor_SMD:L_0805_2012Metric","1","","","",""
"J1","ES1 CH1","ECGAS:EC_Sense_ES1_3pin_2.54mm","1","","3x Mill-Max 0350 series receptacle (0.30-0.51 mm pin)","","EC Sense ES1 bare sensor, C/S/R, 2.54 mm pitch"
"J2","ES1 CH2","ECGAS:EC_Sense_ES1_3pin_2.54mm","1","","3x Mill-Max 0350 series receptacle (0.30-0.51 mm pin)","","EC Sense ES1 bare sensor, C/S/R, 2.54 mm pitch"
"J3","ES1 CH3","ECGAS:EC_Sense_ES1_3pin_2.54mm","1","","3x Mill-Max 0350 series receptacle (0.30-0.51 mm pin)","","EC Sense ES1 bare sensor, C/S/R, 2.54 mm pitch"
"J4","ES1 CH4","ECGAS:EC_Sense_ES1_3pin_2.54mm","1","","3x Mill-Max 0350 series receptacle (0.30-0.51 mm pin)","","EC Sense ES1 bare sensor, C/S/R, 2.54 mm pitch"
"J5","Host I2C + power","Connector_JST:JST_PH_B6B-PH-K_1x06_P2.00mm_Vertical","1","","","","VIN 4.0-5.5 V; nominal 5 V"
"J6","SWD U1","Connector_PinHeader_1.27mm:PinHeader_1x05_P1.27mm_Vertical","1","","","",""
"J7","SWD U2","Connector_PinHeader_1.27mm:PinHeader_1x05_P1.27mm_Vertical","1","","","",""
"J8","UART U1","Connector_PinHeader_2.54mm:PinHeader_1x04_P2.54mm_Vertical","1","","","",""
"J9","UART U2","Connector_PinHeader_2.54mm:PinHeader_1x04_P2.54mm_Vertical","1","","","",""
"JP1","SE-RE short","Jumper:SolderJumper-2_P1.3mm_Open_Pad1.0x1.5mm","1","DNP","","","Fit only for storage/transport. Remove before measurement."
"JP2","SE-RE short","Jumper:SolderJumper-2_P1.3mm_Open_Pad1.0x1.5mm","1","DNP","","","Fit only for storage/transport. Remove before measurement."
"JP3","SE-RE short","Jumper:SolderJumper-2_P1.3mm_Open_Pad1.0x1.5mm","1","DNP","","","Fit only for storage/transport. Remove before measurement."
"JP4","SE-RE short","Jumper:SolderJumper-2_P1.3mm_Open_Pad1.0x1.5mm","1","DNP","","","Fit only for storage/transport. Remove before measurement."
"R1","2k2","Resistor_SMD:R_0603_1608Metric","1","","","",""
"R2","2k2","Resistor_SMD:R_0603_1608Metric","1","","","",""
"R3","10k","Resistor_SMD:R_0603_1608Metric","1","","","",""
"R4","10k","Resistor_SMD:R_0603_1608Metric","1","","","",""
"R5","0R","Resistor_SMD:R_0603_1608Metric","1","","","",""
"R6","10k","Resistor_SMD:R_0603_1608Metric","1","","","",""
"R7","10k","Resistor_SMD:R_0603_1608Metric","1","","","",""
"R8","10k","Resistor_SMD:R_0603_1608Metric","1","","","",""
"R9","200R 0.1% 10ppm","Resistor_SMD:R_0603_1608Metric","1","","","","RCAL between RCAL0 and RCAL1, low tempco"
"R10","200R 0.1% 10ppm","Resistor_SMD:R_0603_1608Metric","1","","","","RCAL between RCAL0 and RCAL1, low tempco"
"R11","0R","Resistor_SMD:R_0603_1608Metric","1","","","","Single-point analog/digital ground tie, place under U1"
"U1","ADuCM355","ECGAS:ADuCM355_LGA-72_6x5mm","1","","ADUCM355BCCZ","",""
"U2","ADuCM355","ECGAS:ADuCM355_LGA-72_6x5mm","1","","ADUCM355BCCZ","",""
"U3","ADP151AUJZ-3.3","Package_TO_SOT_SMD:TSOT-23-5","1","","","",""
"U4","SHT45-AD1B","Sensor_Humidity:Sensirion_DFN-4_1.5x1.5mm_P0.8mm_SHT4x_NoCentralPad","1","","","",""
"U5","24AA02E48T-I/SN","Package_SO:SOIC-8_3.9x4.9mm_P1.27mm","1","","","",""
